fee_multiplier,direct_cost_multiplier,membership_fee_revenue,direct_cost,portfolio_contribution
0.80000000,0.80000000,39442.82257778,3088.96800000,45637.22457778
0.80000000,1.00000000,39442.82257778,3861.21000000,44864.98257778
0.80000000,1.20000000,39442.82257778,4633.45200000,44092.74057778
1.00000000,0.80000000,49303.52822222,3088.96800000,55497.93022222
1.00000000,1.00000000,49303.52822222,3861.21000000,54725.68822222
1.00000000,1.20000000,49303.52822222,4633.45200000,53953.44622222
1.20000000,0.80000000,59164.23386667,3088.96800000,65358.63586667
1.20000000,1.00000000,59164.23386667,3861.21000000,64586.39386667
1.20000000,1.20000000,59164.23386667,4633.45200000,63814.15186667
