expiry_cohort,total_plans,eligible_subscriptions,renewed_subscriptions,cohort_complete,renewal_rate
2025-02,10,10,5,True,0.5
2025-03,34,34,14,True,0.4117647058823529
2025-04,43,43,21,True,0.4883720930232558
2025-05,56,56,22,True,0.39285714285714285
2025-06,66,66,30,True,0.45454545454545453
2025-07,90,90,34,True,0.37777777777777777
2025-08,66,66,28,True,0.42424242424242425
2025-09,58,58,23,True,0.39655172413793105
2025-10,42,42,18,True,0.42857142857142855
2025-11,34,34,10,True,0.29411764705882354
2025-12,22,15,2,False,0.13333333333333333
