customer_id,day,rfm_segment,membership_active,orders,items,nmv,pc1,shipping_contribution,benefit_cost,service_cost
1001,2025-07-01,Champion,1,2,3,240.00,36.00,-4.00,8.00,0.15
1001,2025-08-01,Champion,1,1,2,130.00,19.50,-2.00,4.00,0.15
1001,2025-09-01,Champion,0,1,1,95.00,14.25,1.00,0.00,0.00
1002,2025-07-01,Loyal,1,1,2,160.00,24.00,-2.50,5.00,0.12
1002,2025-08-01,Loyal,1,2,3,280.00,42.00,-4.00,9.00,0.12
1002,2025-09-01,Loyal,1,1,1,110.00,16.50,-2.00,3.50,0.12
1003,2025-07-01,Potential Loyalist,0,1,1,80.00,12.00,0.50,0.00,0.00
1003,2025-08-01,Potential Loyalist,0,0,0,0.00,0.00,0.00,0.00,0.00
1003,2025-09-01,Potential Loyalist,0,1,2,150.00,22.50,0.75,0.00,0.00
